{
  "bench_model_stats": {
    "mgsm": {
      "08_gigachat_lite": {
        "tokens": 87334,
        "cost": 0.17466800000000002,
        "score": 0.71,
        "std": 0.05024999999999996
      },
      "12_gigachat_pro": {
        "tokens": 79235,
        "cost": 1.1885250000000003,
        "score": 0.785,
        "std": 0.04749999999999999
      },
      "14_gigachat_max": {
        "tokens": 53329,
        "cost": 1.0399155,
        "score": 0.935,
        "std": 0.02999999999999997
      },
      "07_yandexgpt_4_lite": {
        "tokens": 48660,
        "cost": 0.09731999999999993,
        "score": 0.67,
        "std": 0.05499999999999999
      },
      "11_yandexgpt_4_pro": {
        "tokens": 50505,
        "cost": 0.6060599999999999,
        "score": 0.785,
        "std": 0.04749999999999999
      },
      "17_yandexgpt_5_pro": {
        "tokens": 50996,
        "cost": 0.6119520000000002,
        "score": 0.935,
        "std": 0.025124999999999953
      },
      "20_t_pro": {
        "tokens": 78037,
        "cost": 268.0591354179722,
        "score": 0.95,
        "std": 0.025124999999999953
      },
      "04_llama_3_1_8b": {
        "tokens": 92800,
        "cost": 0.0039029900000000007,
        "score": 0.845,
        "std": 0.04249999999999998
      },
      "10_llama_3_1_8b": {
        "tokens": 55976,
        "cost": 0.11195200000000001,
        "score": 0.8541666666666666,
        "std": 0.046875
      },
      "05_llama_3_3_70b": {
        "tokens": 59797,
        "cost": 0.013667700000000012,
        "score": 0.96,
        "std": 0.022499999999999964
      },
      "13_llama_3_3_70b": {
        "tokens": 58277,
        "cost": 0.6993240000000001,
        "score": 0.96,
        "std": 0.024999999999999967
      },
      "15_qwen_2_5_72b": {
        "tokens": 70804,
        "cost": 0.02226091,
        "score": 0.965,
        "std": 0.02024999999999999
      },
      "16_deepseek_v3": {
        "tokens": 56748,
        "cost": 0.04216171999999999,
        "score": 0.965,
        "std": 0.020125000000000004
      }
    },
    "math": {
      "08_gigachat_lite": {
        "tokens": 140901,
        "cost": 0.281802,
        "score": 0.2727272727272727,
        "std": 0.05303030303030304
      },
      "12_gigachat_pro": {
        "tokens": 134354,
        "cost": 2.0153099999999986,
        "score": 0.425,
        "std": 0.04774999999999999
      },
      "14_gigachat_max": {
        "tokens": 111107,
        "cost": 2.1665864999999997,
        "score": 0.55,
        "std": 0.06
      },
      "07_yandexgpt_4_lite": {
        "tokens": 68968,
        "cost": 0.13793599999999995,
        "score": 0.16,
        "std": 0.03774999999999999
      },
      "11_yandexgpt_4_pro": {
        "tokens": 88692,
        "cost": 1.0643040000000001,
        "score": 0.31,
        "std": 0.05024999999999996
      },
      "17_yandexgpt_5_pro": {
        "tokens": 95106,
        "cost": 1.1412720000000007,
        "score": 0.575,
        "std": 0.06024999999999997
      },
      "20_t_pro": {
        "tokens": 162578,
        "cost": 283.39149747955395,
        "score": 0.68,
        "std": 0.05024999999999996
      },
      "04_llama_3_1_8b": {
        "tokens": 292432,
        "cost": 0.01368986000000001,
        "score": 0.455,
        "std": 0.04774999999999996
      },
      "10_llama_3_1_8b": {
        "tokens": 189422,
        "cost": 0.378844,
        "score": 0.48,
        "std": 0.05550000000000002
      },
      "05_llama_3_3_70b": {
        "tokens": 150633,
        "cost": 0.03973859999999998,
        "score": 0.75,
        "std": 0.05012500000000003
      },
      "13_llama_3_3_70b": {
        "tokens": 147139,
        "cost": 1.7656680000000002,
        "score": 0.74,
        "std": 0.04500000000000004
      },
      "15_qwen_2_5_72b": {
        "tokens": 153751,
        "cost": 0.05360775999999999,
        "score": 0.82,
        "std": 0.04512499999999997
      },
      "16_deepseek_v3": {
        "tokens": 111716,
        "cost": 0.08971883999999998,
        "score": 0.8296703296703297,
        "std": 0.041346153846153866
      }
    },
    "humaneval": {
      "08_gigachat_lite": {
        "tokens": 54432,
        "cost": 0.10886400000000003,
        "score": 0.3765432098765432,
        "std": 0.06805555555555554
      },
      "12_gigachat_pro": {
        "tokens": 52317,
        "cost": 0.784755,
        "score": 0.45121951219512196,
        "std": 0.05823170731707317
      },
      "14_gigachat_max": {
        "tokens": 42404,
        "cost": 0.826878,
        "score": 0.7195121951219512,
        "std": 0.06722560975609754
      },
      "07_yandexgpt_4_lite": {
        "tokens": 45374,
        "cost": 0.09074799999999997,
        "score": 0.2682926829268293,
        "std": 0.05823170731707318
      },
      "11_yandexgpt_4_pro": {
        "tokens": 51406,
        "cost": 0.6168719999999999,
        "score": 0.4268292682926829,
        "std": 0.06417682926829268
      },
      "17_yandexgpt_5_pro": {
        "tokens": 46665,
        "cost": 0.5599799999999999,
        "score": 0.8963414634146342,
        "std": 0.033689024390243905
      },
      "20_t_pro": {
        "tokens": 79893,
        "cost": 217.3625931748793,
        "score": 0.8109756097560976,
        "std": 0.04298780487804876
      },
      "04_llama_3_1_8b": {
        "tokens": 54991,
        "cost": 0.0018562699999999997,
        "score": 0.6341463414634146,
        "std": 0.06097560975609756
      },
      "10_llama_3_1_8b": {
        "tokens": 54631,
        "cost": 0.109262,
        "score": 0.7012195121951219,
        "std": 0.04893292682926825
      },
      "05_llama_3_3_70b": {
        "tokens": 61310,
        "cost": 0.013194960000000002,
        "score": 0.8597560975609756,
        "std": 0.045731707317073156
      },
      "13_llama_3_3_70b": {
        "tokens": 59067,
        "cost": 0.708804,
        "score": 0.8414634146341463,
        "std": 0.051981707317073134
      },
      "15_qwen_2_5_72b": {
        "tokens": 58474,
        "cost": 0.015883869999999998,
        "score": 0.8841463414634146,
        "std": 0.039786585365853666
      },
      "16_deepseek_v3": {
        "tokens": 43467,
        "cost": 0.028013229999999993,
        "score": 0.9085365853658537,
        "std": 0.03353658536585363
      }
    },
    "mmlu": {
      "08_gigachat_lite": {
        "tokens": 202336,
        "cost": 0.40467200000000014,
        "score": 0.36,
        "std": 0.065
      },
      "12_gigachat_pro": {
        "tokens": 166112,
        "cost": 2.491680000000001,
        "score": 0.455,
        "std": 0.06512499999999999
      },
      "14_gigachat_max": {
        "tokens": 122316,
        "cost": 2.385162,
        "score": 0.65,
        "std": 0.050124999999999975
      },
      "07_yandexgpt_4_lite": {
        "tokens": 72378,
        "cost": 0.14475600000000002,
        "score": 0.305,
        "std": 0.05762499999999998
      },
      "11_yandexgpt_4_pro": {
        "tokens": 80841,
        "cost": 0.9700920000000001,
        "score": 0.485,
        "std": 0.06262500000000001
      },
      "17_yandexgpt_5_pro": {
        "tokens": 98189,
        "cost": 1.1782679999999999,
        "score": 0.7,
        "std": 0.05262499999999998
      },
      "20_t_pro": {
        "tokens": 159071,
        "cost": 292.9190824548565,
        "score": 0.71,
        "std": 0.05499999999999999
      },
      "04_llama_3_1_8b": {
        "tokens": 268686,
        "cost": 0.011928989999999997,
        "score": 0.485,
        "std": 0.05274999999999999
      },
      "10_llama_3_1_8b": {
        "tokens": 129995,
        "cost": 0.2599900000000001,
        "score": 0.485,
        "std": 0.05762500000000001
      },
      "05_llama_3_3_70b": {
        "tokens": 147069,
        "cost": 0.03515921999999999,
        "score": 0.7638190954773869,
        "std": 0.04786432160804016
      },
      "13_llama_3_3_70b": {
        "tokens": 151199,
        "cost": 1.814387999999999,